RESPOND_ID,EXAMIN_BEGIN_DE,SEXDSTN_FLAG_CD,AGRDE_FLAG_NM,ANSWRR_OC_AREA_NM,HSHLD_INCOME_DGREE_NM,WORKDAY_DAY_AVRG_LSR_TIME_VALUE,WKEND_DAY_AVRG_LSR_TIME_VALUE,ONE_WEEK_TOT_LSR_TIME_VALUE,LSR_TIME_REST_RCRT_USE_RATE,LSR_TIME_HOBBY_USE_RATE,LSR_TIME_SELF_IMPT_USE_RATE,LSR_TIME_TWDPSN_RLTN_FLWSP_USE_RATE,LSR_TIME_ETC_USE_RATE
863,20220223,F,60대,경기도,300이상500만원 미만,4,3,26,60,0,0,0,40
5352,20220223,M,60대,충청북도,300이상500만원 미만,5,12,49,30,0,0,60,10
5622,20220223,F,60대,인천광역시,300만원 미만,1,1,7,70,0,20,10,0
6288,20220223,M,30대,충청북도,300이상500만원 미만,2,8,26,60,10,5,25,0
8254,20220223,F,40대,충청북도,300만원 미만,2,8,26,10,40,30,20,0
8258,20220223,F,40대,경기도,300만원 미만,2,3,16,80,0,20,0,0
9246,20220223,F,30대,부산광역시,300이상500만원 미만,3,1,17,90,0,10,0,0
9936,20220223,M,40대,인천광역시,300이상500만원 미만,1,1,7,100,0,0,0,0
14003,20220223,M,40대,울산광역시,700만원 이상,3,6,27,20,40,30,10,0
14985,20220223,M,40대,광주광역시,700만원 이상,2,2,14,50,0,0,50,0
19011,20220223,M,50대,대전광역시,700만원 이상,3,8,31,60,10,10,20,0
21995,20220223,M,50대,충청북도,700만원 이상,2,4,18,20,10,20,40,10
23560,20220223,F,30대,서울특별시,300이상500만원 미만,1,6,17,20,0,40,40,0
27969,20220223,M,40대,서울특별시,700만원 이상,1,0,5,0,50,30,20,0
29578,20220223,F,60대,충청남도,300이상500만원 미만,2,1,12,10,30,20,40,0
30552,20220223,M,60대,제주특별자치도,500이상700만원 미만,5,10,45,50,30,10,10,0
31268,20220223,M,40대,세종특별자치시,500이상700만원 미만,2,8,26,30,20,0,50,0
33340,20220223,F,40대,경기도,300이상500만원 미만,5,12,49,50,20,10,20,0
33690,20220223,F,50대,경기도,500이상700만원 미만,4,8,36,30,30,20,20,0
34629,20220223,F,50대,서울특별시,700만원 이상,5,4,33,40,0,40,20,0
35954,20220223,M,40대,인천광역시,300이상500만원 미만,3,4,23,50,0,30,20,0
36205,20220223,M,50대,강원도,700만원 이상,2,4,18,40,20,30,10,0
36501,20220223,F,50대,경상남도,700만원 이상,3,10,35,0,40,40,20,0
36630,20220223,M,40대,경기도,300이상500만원 미만,1,5,15,50,0,50,0,0
37513,20220223,F,60대,경기도,300이상500만원 미만,3,5,25,80,0,0,20,0
39795,20220223,F,40대,대구광역시,300만원 미만,3,5,25,100,0,0,0,0
41338,20220223,F,50대,경기도,500이상700만원 미만,1,3,11,20,10,20,50,0
42233,20220223,F,60대,경기도,500이상700만원 미만,4,2,24,30,20,30,20,0
45826,20220223,F,40대,제주특별자치도,300이상500만원 미만,5,10,45,40,10,50,0,0
46234,20220223,M,40대,서울특별시,300이상500만원 미만,10,15,80,10,50,20,20,0
50590,20220223,M,40대,충청남도,700만원 이상,2,8,26,50,20,0,30,0
53059,20220223,F,60대,경기도,300이상500만원 미만,5,6,37,20,25,40,15,0
54153,20220223,F,50대,서울특별시,500이상700만원 미만,2,3,16,50,20,20,10,0
57587,20220223,M,60대,인천광역시,300만원 미만,7,10,55,50,10,20,20,0
60222,20220223,M,60대,인천광역시,700만원 이상,1,4,13,40,40,10,10,0
68836,20220223,M,60대,전라남도,300만원 미만,5,10,45,40,30,0,30,0
75955,20220223,F,60대,부산광역시,300이상500만원 미만,5,6,37,40,10,10,40,0
77953,20220223,F,50대,충청남도,300이상500만원 미만,5,8,41,40,10,30,20,0
78188,20220223,M,60대,경상북도,700만원 이상,2,5,20,10,20,10,60,0
81299,20220223,M,50대,대전광역시,700만원 이상,1,3,11,30,40,20,10,0
82286,20220223,M,50대,충청북도,700만원 이상,1,4,13,20,40,10,30,0
88574,20220223,F,30대,울산광역시,700만원 이상,1,5,15,50,10,20,20,0
90600,20220223,M,60대,경상북도,300만원 미만,5,5,35,30,30,30,10,0
91308,20220223,M,30대,전라남도,300만원 미만,2,12,34,50,0,0,50,0
94234,20220223,F,30대,경기도,300이상500만원 미만,3,3,21,80,0,0,20,0
97180,20220223,F,60대,세종특별자치시,300만원 미만,8,6,52,10,50,30,10,0
98126,20220223,M,60대,경기도,700만원 이상,6,4,38,25,40,5,30,0
98233,20220223,M,60대,전라북도,300만원 미만,1,1,7,95,0,0,5,0
98987,20220223,F,60대,부산광역시,300만원 미만,12,12,84,80,5,5,10,0
100303,20220223,F,20대,서울특별시,300만원 미만,12,12,84,80,0,10,10,0
102747,20220223,M,50대,대전광역시,700만원 이상,3,12,39,50,10,10,30,0
103109,20220223,F,30대,대전광역시,300이상500만원 미만,1,7,19,20,20,30,30,0
103638,20220223,M,40대,전라북도,300만원 미만,3,8,31,22,10,67,1,0
103666,20220223,M,60대,전라남도,300만원 미만,4,2,24,50,10,5,35,0
103938,20220223,M,30대,인천광역시,300이상500만원 미만,2,6,22,70,0,0,30,0
104503,20220223,F,40대,서울특별시,300만원 미만,6,15,60,60,10,10,20,0
106942,20220223,M,50대,부산광역시,500이상700만원 미만,6,12,54,30,30,10,30,0
107318,20220223,M,60대,서울특별시,300이상500만원 미만,3,5,25,50,10,10,30,0
108902,20220223,M,40대,서울특별시,300이상500만원 미만,1,4,13,70,0,0,30,0
110806,20220223,F,40대,충청남도,700만원 이상,3,5,25,50,0,0,50,0
111842,20220223,F,30대,광주광역시,300이상500만원 미만,2,6,22,50,20,0,30,0
111952,20220223,F,60대,서울특별시,300이상500만원 미만,5,6,37,50,10,10,30,0
111990,20220223,M,40대,경기도,500이상700만원 미만,3,8,31,100,0,0,0,0
114429,20220223,F,40대,서울특별시,700만원 이상,4,10,40,70,0,20,10,0
114822,20220223,F,40대,부산광역시,300만원 미만,2,2,14,100,0,0,0,0
118831,20220223,F,30대,경상남도,300이상500만원 미만,2,5,20,50,0,10,40,0
120487,20220223,M,50대,부산광역시,300만원 미만,2,2,14,50,0,20,30,0
120808,20220223,F,40대,경기도,700만원 이상,3,5,25,70,10,15,5,0
121582,20220223,M,50대,대전광역시,700만원 이상,2,4,18,30,40,10,20,0
121746,20220223,M,30대,경기도,500이상700만원 미만,1,2,9,73,2,20,5,0
123325,20220223,M,30대,인천광역시,300만원 미만,4,4,28,50,35,5,10,0
124142,20220223,F,50대,부산광역시,300이상500만원 미만,3,8,31,90,0,10,0,0
124232,20220223,M,30대,서울특별시,700만원 이상,2,5,20,50,0,0,50,0
124377,20220223,M,60대,서울특별시,700만원 이상,5,10,45,10,50,30,10,0
130115,20220223,M,60대,전라남도,500이상700만원 미만,3,12,39,80,5,5,10,0
132624,20220223,F,30대,광주광역시,무응답,4,8,36,90,0,0,10,0
133716,20220223,M,50대,경상북도,700만원 이상,3,5,25,70,10,0,20,0
139191,20220223,M,60대,울산광역시,300만원 미만,5,5,35,30,20,20,30,0
139801,20220223,F,50대,경기도,300만원 미만,1,2,9,80,0,20,0,0
140047,20220223,M,60대,부산광역시,300이상500만원 미만,2,5,20,30,20,40,10,0
141034,20220223,M,50대,전라남도,300이상500만원 미만,2,10,30,20,40,20,20,0
141819,20220223,M,60대,강원도,300만원 미만,5,5,35,20,60,10,10,0
145144,20220223,F,30대,경상남도,300이상500만원 미만,1,3,11,60,40,0,0,0
149518,20220223,F,60대,서울특별시,700만원 이상,8,9,58,50,20,10,20,0
151279,20220223,F,50대,경상북도,500이상700만원 미만,2,10,30,50,30,20,0,0
151399,20220223,M,50대,울산광역시,700만원 이상,3,8,31,30,30,40,0,0
151707,20220223,M,60대,경기도,500이상700만원 미만,3,3,21,80,20,0,0,0
153860,20220223,F,40대,전라북도,500이상700만원 미만,4,6,32,30,30,10,30,0
154186,20220223,M,50대,울산광역시,300이상500만원 미만,1,4,13,5,10,5,80,0
154655,20220223,M,60대,경상남도,500이상700만원 미만,2,2,14,20,15,50,15,0
154659,20220223,M,30대,경기도,700만원 이상,3,12,39,40,20,0,40,0
157324,20220223,F,40대,부산광역시,300이상500만원 미만,5,3,31,20,10,20,50,0
157877,20220223,F,40대,경기도,300만원 미만,0,8,16,30,0,0,0,70
158212,20220223,M,20대,서울특별시,700만원 이상,5,10,45,50,0,50,0,0
158986,20220223,F,60대,경기도,300이상500만원 미만,2,8,26,70,10,10,10,0
161619,20220223,M,60대,전라남도,700만원 이상,1,4,13,50,0,50,0,0
166243,20220223,F,60대,대구광역시,500이상700만원 미만,1,2,9,50,0,20,30,0
169292,20220223,M,20대,경기도,무응답,5,12,49,70,10,10,10,0
169916,20220223,F,50대,서울특별시,500이상700만원 미만,3,8,31,20,50,30,0,0
172375,20220223,M,20대,경기도,300이상500만원 미만,1,3,11,60,20,20,0,0
173026,20220223,F,20대,경상남도,500이상700만원 미만,1,8,21,50,0,0,50,0
173638,20220223,F,30대,강원도,300만원 미만,5,10,45,65,5,20,10,0
173858,20220223,F,30대,충청남도,300만원 미만,2,5,20,50,10,30,10,0
174010,20220223,F,20대,대구광역시,700만원 이상,2,3,16,10,20,30,40,0
174891,20220223,M,50대,경기도,500이상700만원 미만,1,3,11,50,20,10,20,0
175198,20220223,M,50대,전라남도,300만원 미만,3,6,27,60,10,30,0,0
177050,20220223,F,30대,인천광역시,300이상500만원 미만,6,12,54,30,10,10,50,0
178313,20220223,M,50대,인천광역시,300이상500만원 미만,3,10,35,20,10,10,60,0
178372,20220223,M,60대,대구광역시,500이상700만원 미만,2,5,20,10,20,30,20,20
181449,20220223,F,30대,서울특별시,300만원 미만,2,4,18,50,40,0,10,0
181476,20220223,M,30대,부산광역시,300이상500만원 미만,2,10,30,90,0,0,10,0
183542,20220223,M,30대,서울특별시,300만원 미만,2,10,30,40,10,10,40,0
184120,20220223,F,30대,서울특별시,300만원 미만,5,7,39,50,45,0,5,0
188299,20220223,M,40대,광주광역시,700만원 이상,1,1,7,5,10,50,35,0
188346,20220223,F,60대,경기도,300만원 미만,3,7,29,10,10,30,20,30
188468,20220223,M,40대,충청남도,300이상500만원 미만,1,2,9,80,0,10,10,0
189446,20220223,M,40대,인천광역시,500이상700만원 미만,3,4,23,20,50,0,30,0
189967,20220223,M,40대,경상북도,300이상500만원 미만,8,8,56,50,0,0,10,40
196042,20220223,F,30대,경기도,300이상500만원 미만,0,0,0,90,0,0,10,0
201098,20220223,M,60대,경기도,700만원 이상,5,12,49,20,15,50,15,0
204518,20220223,F,60대,경기도,300만원 미만,5,5,35,30,20,0,50,0
205566,20220223,F,30대,광주광역시,500이상700만원 미만,1,3,11,30,10,30,30,0
207753,20220223,M,50대,경기도,300만원 미만,2,6,22,60,10,0,30,0
208185,20220223,F,60대,경기도,300이상500만원 미만,2,4,18,30,20,20,30,0
211443,20220223,M,60대,충청남도,300만원 미만,1,1,7,20,20,20,20,20
212028,20220223,F,30대,서울특별시,700만원 이상,2,5,20,20,10,20,50,0
213988,20220223,F,30대,경상남도,300이상500만원 미만,6,10,50,80,0,20,0,0
217935,20220223,F,50대,경기도,700만원 이상,0,10,20,20,10,20,50,0
219795,20220223,F,20대,대구광역시,300이상500만원 미만,2,8,26,70,0,0,30,0
222134,20220223,M,20대,서울특별시,300만원 미만,3,6,27,20,50,20,10,0
223893,20220223,M,30대,서울특별시,무응답,3,14,43,80,2,10,8,0
223940,20220223,F,60대,경상남도,300만원 미만,3,5,25,20,30,25,25,0
224061,20220223,F,40대,광주광역시,300이상500만원 미만,2,0,10,0,40,60,0,0
226777,20220223,F,40대,서울특별시,700만원 이상,5,10,45,40,5,15,40,0
226973,20220223,F,40대,경상남도,300만원 미만,6,6,42,90,5,5,0,0
228004,20220223,M,50대,경상북도,300이상500만원 미만,3,10,35,60,5,5,30,0
229995,20220223,F,40대,서울특별시,700만원 이상,5,7,39,30,10,20,30,10
230181,20220223,F,40대,강원도,300이상500만원 미만,5,4,33,50,20,20,10,0
233393,20220223,F,60대,경기도,500이상700만원 미만,2,6,22,50,30,0,20,0
240387,20220223,F,30대,전라남도,700만원 이상,2,5,20,50,10,0,40,0
241131,20220223,M,60대,서울특별시,700만원 이상,1,5,15,70,10,10,10,0
241387,20220223,M,40대,경기도,300이상500만원 미만,2,2,14,35,50,10,5,0
242220,20220223,M,50대,전라남도,500이상700만원 미만,3,6,27,60,30,10,0,0
242508,20220223,F,50대,경기도,700만원 이상,4,7,34,60,15,15,10,0
244656,20220223,M,40대,경상북도,700만원 이상,2,2,14,50,20,20,10,0
245171,20220223,F,60대,서울특별시,700만원 이상,3,3,21,10,10,50,30,0
249243,20220223,F,60대,경기도,300이상500만원 미만,2,3,16,20,20,10,30,20
250335,20220223,F,40대,대전광역시,700만원 이상,2,4,18,70,10,10,10,0
250652,20220223,F,40대,경기도,500이상700만원 미만,2,4,18,60,10,20,10,0
251673,20220223,F,60대,서울특별시,700만원 이상,4,6,32,50,30,10,10,0
252928,20220223,M,60대,경상북도,300이상500만원 미만,5,7,39,50,30,10,10,0
254239,20220223,M,40대,인천광역시,300이상500만원 미만,5,3,31,100,0,0,0,0
255449,20220223,M,60대,인천광역시,300만원 미만,2,5,20,60,30,0,10,0
256288,20220223,M,40대,경기도,300이상500만원 미만,2,5,20,50,30,10,10,0
257058,20220223,F,50대,울산광역시,300만원 미만,3,3,21,40,20,20,20,0
258516,20220223,F,30대,경상남도,300만원 미만,3,5,25,40,10,0,50,0
262806,20220223,F,30대,경상북도,300만원 미만,3,6,27,75,10,10,5,0
263052,20220223,M,50대,서울특별시,700만원 이상,2,8,26,20,30,30,20,0
264287,20220223,M,40대,대구광역시,300만원 미만,2,5,20,40,10,5,45,0
268568,20220223,F,60대,경기도,500이상700만원 미만,10,9,68,20,20,30,30,0
269169,20220223,M,20대,경기도,무응답,5,10,45,60,30,5,5,0
269546,20220223,F,20대,경기도,300만원 미만,2,5,20,70,0,10,20,0
270212,20220223,F,30대,전라북도,무응답,4,6,32,60,0,0,0,40
270532,20220223,F,20대,강원도,300이상500만원 미만,1,2,9,90,10,0,0,0
274828,20220223,F,40대,경기도,500이상700만원 미만,1,1,7,20,20,30,30,0
275962,20220223,M,30대,대구광역시,300이상500만원 미만,3,6,27,40,20,20,20,0
276210,20220223,M,50대,광주광역시,500이상700만원 미만,2,10,30,20,10,10,30,30
276308,20220223,M,30대,충청북도,300이상500만원 미만,3,2,19,50,50,0,0,0
276343,20220223,M,30대,전라북도,300만원 미만,3,8,31,100,0,0,0,0
276878,20220223,F,50대,경기도,300이상500만원 미만,2,3,16,20,80,0,0,0
277686,20220223,F,20대,경기도,300만원 미만,2,3,16,60,0,0,40,0
280203,20220223,F,50대,경기도,700만원 이상,3,10,35,60,10,10,20,0
280347,20220223,F,50대,경기도,300이상500만원 미만,2,5,20,20,20,40,20,0
280677,20220223,F,30대,서울특별시,300이상500만원 미만,4,11,42,80,0,0,20,0
281993,20220223,M,30대,경기도,500이상700만원 미만,1,8,21,40,40,10,10,0
282001,20220223,F,40대,경기도,300이상500만원 미만,2,3,16,70,10,10,10,0
293974,20220223,F,40대,전라남도,300만원 미만,2,12,34,10,0,0,90,0
297363,20220223,F,60대,경기도,300이상500만원 미만,5,7,39,20,10,10,60,0
299865,20220223,M,40대,경상북도,300이상500만원 미만,1,2,9,40,30,30,0,0
300657,20220223,M,60대,강원도,500이상700만원 미만,5,10,45,60,5,10,25,0
301681,20220223,F,50대,서울특별시,300이상500만원 미만,5,6,37,80,2,2,16,0
302129,20220223,F,50대,전라북도,700만원 이상,2,3,16,80,0,0,20,0
302216,20220223,F,40대,경상북도,300만원 미만,10,5,60,20,30,20,30,0
305752,20220223,F,20대,서울특별시,500이상700만원 미만,4,7,34,65,5,20,10,0
306656,20220223,M,40대,경상북도,300이상500만원 미만,1,2,9,50,20,0,30,0
307592,20220223,M,50대,부산광역시,300이상500만원 미만,1,6,17,15,60,0,25,0
308286,20220223,M,30대,인천광역시,300이상500만원 미만,0,12,24,50,0,0,50,0
308591,20220223,F,30대,인천광역시,300이상500만원 미만,2,5,20,50,30,0,20,0
308824,20220223,F,30대,서울특별시,300만원 미만,3,3,21,20,20,20,20,20
309313,20220223,F,40대,서울특별시,700만원 이상,3,5,25,20,30,30,20,0
309395,20220223,F,30대,인천광역시,300만원 미만,0,0,0,100,0,0,0,0
310040,20220223,F,40대,제주특별자치도,300만원 미만,2,6,22,20,40,15,15,10
310065,20220223,F,60대,서울특별시,300이상500만원 미만,2,8,26,60,30,0,10,0
311633,20220223,M,20대,세종특별자치시,700만원 이상,3,10,35,70,20,0,10,0
312841,20220223,M,40대,대구광역시,300이상500만원 미만,3,8,31,50,0,25,25,0
314326,20220223,M,30대,서울특별시,700만원 이상,2,4,18,90,0,5,5,0
315129,20220223,M,50대,충청남도,700만원 이상,2,4,18,30,40,0,30,0
315133,20220223,F,20대,경상북도,300만원 미만,3,3,21,30,30,30,10,0
315954,20220223,M,50대,부산광역시,500이상700만원 미만,4,8,36,50,0,20,30,0
316533,20220223,F,50대,경기도,300만원 미만,2,3,16,30,20,40,10,0
316849,20220223,F,60대,경기도,300이상500만원 미만,3,5,25,40,10,10,20,20
317471,20220223,M,50대,광주광역시,500이상700만원 미만,4,12,44,50,40,0,10,0
317488,20220223,M,30대,강원도,500이상700만원 미만,6,15,60,50,0,0,50,0
318389,20220223,F,60대,인천광역시,500이상700만원 미만,2,5,20,70,10,10,10,0
318884,20220223,M,40대,대구광역시,700만원 이상,4,12,44,10,10,0,80,0
319462,20220223,M,50대,서울특별시,700만원 이상,2,8,26,30,20,30,20,0
320312,20220223,F,60대,경기도,300만원 미만,5,12,49,70,10,10,10,0
320358,20220223,M,40대,서울특별시,500이상700만원 미만,4,5,30,50,10,20,20,0
320457,20220223,F,20대,충청북도,300이상500만원 미만,2,12,34,40,20,10,30,0
320506,20220223,F,60대,경상남도,300만원 미만,3,2,19,10,60,0,20,10
320636,20220223,F,60대,서울특별시,500이상700만원 미만,2,5,20,20,40,25,15,0
321689,20220223,F,30대,충청남도,300만원 미만,1,6,17,70,10,10,10,0
321800,20220223,F,60대,서울특별시,300만원 미만,4,3,26,30,20,30,20,0
323074,20220223,F,50대,경기도,500이상700만원 미만,1,4,13,10,60,10,20,0
325122,20220223,M,40대,울산광역시,500이상700만원 미만,5,12,49,60,0,40,0,0
326570,20220223,M,60대,경기도,500이상700만원 미만,2,6,22,20,60,0,20,0
327521,20220223,M,40대,인천광역시,500이상700만원 미만,3,3,21,30,20,20,30,0
329561,20220223,M,30대,대전광역시,500이상700만원 미만,2,5,20,20,30,10,40,0
329733,20220223,M,60대,대전광역시,500이상700만원 미만,1,1,7,0,0,50,20,30
329784,20220223,F,60대,인천광역시,700만원 이상,3,5,25,20,10,10,40,20
331971,20220223,M,50대,서울특별시,300만원 미만,2,5,20,100,0,0,0,0
332511,20220223,F,40대,대구광역시,300이상500만원 미만,4,8,36,50,0,50,0,0
333625,20220223,F,20대,경기도,무응답,12,12,84,99,0,0,1,0
333925,20220223,F,60대,경기도,700만원 이상,3,4,23,30,30,30,10,0
335507,20220223,F,20대,부산광역시,500이상700만원 미만,4,7,34,12,36,11,41,0
335546,20220223,M,40대,부산광역시,500이상700만원 미만,2,5,20,20,30,20,30,0
335634,20220223,F,60대,경기도,300이상500만원 미만,2,10,30,20,10,30,40,0
335680,20220223,M,50대,대전광역시,300이상500만원 미만,4,8,36,50,0,0,50,0
335868,20220223,M,30대,대구광역시,300만원 미만,6,12,54,10,10,70,10,0
336058,20220223,M,20대,서울특별시,300만원 미만,2,2,14,70,10,10,10,0
336359,20220223,M,20대,강원도,300만원 미만,5,5,35,50,0,0,50,0
337168,20220223,F,60대,경기도,500이상700만원 미만,1,1,7,10,10,30,50,0
337601,20220223,F,20대,서울특별시,700만원 이상,2,3,16,60,20,0,20,0
338122,20220223,F,20대,부산광역시,무응답,3,8,31,60,0,20,20,0
338901,20220223,M,60대,충청북도,500이상700만원 미만,1,2,9,30,25,0,45,0
338937,20220223,F,40대,경기도,500이상700만원 미만,1,1,7,10,15,50,25,0
339265,20220223,M,40대,경상북도,700만원 이상,4,12,44,50,0,0,50,0
339354,20220223,M,40대,경상남도,300만원 미만,2,8,26,20,20,20,40,0
339426,20220223,M,60대,부산광역시,300만원 미만,5,5,35,20,50,0,30,0
340072,20220223,M,60대,제주특별자치도,700만원 이상,2,2,14,40,30,10,20,0
340369,20220223,M,60대,전라남도,300만원 미만,5,5,35,10,20,30,40,0
341995,20220223,F,30대,경상북도,300이상500만원 미만,1,1,7,70,0,20,10,0
342966,20220223,F,50대,경기도,700만원 이상,4,6,32,40,10,20,30,0
343547,20220223,M,50대,경상남도,700만원 이상,2,5,20,65,20,15,0,0
343945,20220223,F,50대,경기도,500이상700만원 미만,3,10,35,60,20,10,10,0
345192,20220223,M,30대,경상남도,500이상700만원 미만,15,10,95,0,0,0,0,100
346887,20220223,M,40대,대전광역시,300이상500만원 미만,1,6,17,50,15,5,30,0
347012,20220223,F,50대,경기도,500이상700만원 미만,1,2,9,50,5,10,35,0
348466,20220223,M,50대,인천광역시,500이상700만원 미만,2,4,18,90,0,0,10,0
348686,20220223,F,40대,강원도,500이상700만원 미만,4,4,28,100,0,0,0,0
348853,20220223,M,20대,충청남도,300만원 미만,3,3,21,50,0,30,20,0
350100,20220223,M,50대,부산광역시,300이상500만원 미만,3,8,31,30,30,40,0,0
350357,20220223,M,20대,서울특별시,300만원 미만,1,5,15,70,20,0,10,0
350642,20220223,F,40대,전라북도,700만원 이상,2,5,20,100,0,0,0,0
351165,20220223,F,50대,경기도,700만원 이상,1,1,7,80,0,20,0,0
351615,20220223,M,50대,경상남도,500이상700만원 미만,2,6,22,20,10,10,60,0
351714,20220223,F,40대,서울특별시,500이상700만원 미만,5,0,25,60,10,10,20,0
351849,20220223,F,50대,대구광역시,300이상500만원 미만,3,8,31,80,0,0,20,0
352858,20220223,M,40대,충청북도,500이상700만원 미만,1,12,29,30,30,5,35,0
352959,20220223,F,50대,대구광역시,무응답,3,5,25,100,0,0,0,0
353111,20220223,F,60대,강원도,300이상500만원 미만,12,12,84,60,0,0,40,0
353542,20220223,M,50대,경기도,300만원 미만,3,4,23,30,30,30,10,0
353933,20220223,F,50대,경기도,500이상700만원 미만,2,4,18,30,20,40,10,0
354294,20220223,M,30대,경기도,300만원 미만,2,4,18,40,30,0,30,0
354976,20220223,M,40대,경상남도,300이상500만원 미만,1,3,11,80,0,0,20,0
355058,20220223,F,40대,경기도,700만원 이상,1,5,15,10,10,0,80,0
355144,20220223,M,50대,인천광역시,700만원 이상,1,0,5,30,70,0,0,0
356353,20220223,M,60대,경기도,700만원 이상,5,10,45,20,50,20,10,0
356411,20220223,M,30대,울산광역시,700만원 이상,3,6,27,30,30,30,10,0
357174,20220223,M,50대,강원도,300이상500만원 미만,2,5,20,30,10,0,60,0
358749,20220223,M,40대,경상북도,300이상500만원 미만,4,10,40,40,20,10,30,0
360197,20220223,M,20대,서울특별시,300만원 미만,2,9,28,15,30,5,50,0
360533,20220223,F,20대,서울특별시,300만원 미만,10,10,70,85,0,5,10,0
362338,20220223,F,40대,광주광역시,500이상700만원 미만,1,2,9,55,15,15,15,0
363345,20220223,M,30대,경상남도,300만원 미만,3,8,31,10,10,10,70,0
364133,20220223,M,20대,서울특별시,300만원 미만,1,4,13,30,0,50,20,0
364701,20220223,F,30대,부산광역시,500이상700만원 미만,3,8,31,50,0,0,50,0
364878,20220223,M,40대,서울특별시,500이상700만원 미만,7,13,61,50,45,0,5,0
365993,20220223,F,20대,경기도,700만원 이상,4,10,40,80,5,5,10,0
366192,20220223,M,60대,서울특별시,700만원 이상,1,8,21,30,30,10,30,0
366783,20220223,M,20대,경상남도,500이상700만원 미만,4,4,28,30,15,0,55,0
368843,20220223,F,20대,서울특별시,700만원 이상,4,8,36,50,30,10,10,0
369883,20220223,F,50대,경기도,300만원 미만,5,4,33,40,20,20,20,0
370038,20220223,F,20대,서울특별시,300만원 미만,3,5,25,35,25,25,15,0
370244,20220223,M,30대,부산광역시,700만원 이상,2,3,16,50,20,30,0,0
372556,20220223,M,30대,부산광역시,300만원 미만,3,6,27,40,10,10,40,0
373247,20220223,M,50대,경상남도,500이상700만원 미만,3,10,35,90,10,0,0,0
373998,20220223,M,50대,대전광역시,300이상500만원 미만,1,3,11,10,30,40,20,0
375544,20220223,F,50대,서울특별시,500이상700만원 미만,5,6,37,80,0,5,15,0
377233,20220223,F,40대,인천광역시,700만원 이상,3,10,35,85,0,5,10,0
378132,20220223,M,40대,전라북도,300이상500만원 미만,5,10,45,70,20,0,10,0
378489,20220223,M,60대,충청남도,300만원 미만,12,6,72,40,15,15,30,0
378806,20220223,F,40대,부산광역시,700만원 이상,2,2,14,60,0,40,0,0
380266,20220223,F,40대,경기도,700만원 이상,2,8,26,50,10,10,30,0
380481,20220223,F,20대,부산광역시,무응답,2,2,14,50,10,10,30,0
380960,20220223,M,50대,경상남도,300만원 미만,2,4,18,80,10,0,10,0
381114,20220223,F,50대,경기도,700만원 이상,1,1,7,20,10,10,60,0
381127,20220223,F,50대,경기도,300이상500만원 미만,2,5,20,50,20,10,20,0
381230,20220223,M,60대,광주광역시,300만원 미만,3,2,19,65,15,5,15,0
382304,20220223,F,60대,강원도,300만원 미만,5,5,35,50,10,20,20,0
382847,20220223,F,60대,경기도,300이상500만원 미만,3,3,21,40,10,10,40,0
382889,20220223,M,30대,대구광역시,300만원 미만,2,8,26,20,10,30,40,0
383064,20220223,M,50대,충청남도,300이상500만원 미만,2,6,22,70,30,0,0,0
383693,20220223,M,40대,충청북도,700만원 이상,2,10,30,10,30,10,30,20
385327,20220223,M,30대,전라남도,300이상500만원 미만,2,3,16,90,0,10,0,0
385448,20220223,M,20대,경기도,300만원 미만,6,12,54,20,0,70,10,0
385649,20220223,F,30대,경기도,500이상700만원 미만,3,5,25,50,10,20,20,0
385957,20220223,F,20대,부산광역시,무응답,5,7,39,20,0,0,80,0
386013,20220223,M,30대,경기도,500이상700만원 미만,0,5,10,50,50,0,0,0
386039,20220223,M,30대,전라남도,500이상700만원 미만,1,5,15,30,10,5,55,0
386608,20220223,M,40대,경상남도,500이상700만원 미만,5,1,27,80,10,0,10,0
387516,20220223,M,50대,서울특별시,500이상700만원 미만,1,2,9,50,0,0,50,0
388799,20220223,F,40대,경기도,300이상500만원 미만,2,2,14,40,10,10,40,0
388959,20220223,F,50대,경기도,300만원 미만,5,5,35,90,0,0,10,0
390341,20220223,F,50대,부산광역시,500이상700만원 미만,1,3,11,45,20,10,25,0
390532,20220223,M,30대,경상남도,500이상700만원 미만,3,6,27,20,20,40,20,0
391063,20220223,F,40대,경상북도,500이상700만원 미만,1,3,11,60,0,40,0,0
391777,20220223,M,40대,경상북도,500이상700만원 미만,2,1,12,30,30,20,20,0
392107,20220223,M,60대,충청남도,300이상500만원 미만,2,6,22,20,30,10,40,0
392500,20220223,F,40대,경기도,300이상500만원 미만,0,0,0,100,0,0,0,0
392724,20220223,F,50대,대전광역시,500이상700만원 미만,2,8,26,20,0,80,0,0
393122,20220223,M,40대,부산광역시,500이상700만원 미만,5,5,35,0,50,0,50,0
393216,20220223,M,60대,경상북도,500이상700만원 미만,8,8,56,20,20,50,10,0
393291,20220223,F,50대,경기도,300이상500만원 미만,2,3,16,20,20,20,30,10
393430,20220223,M,20대,경상남도,무응답,3,7,29,65,20,10,5,0
393943,20220223,M,20대,서울특별시,300이상500만원 미만,5,7,39,85,5,5,5,0
394224,20220223,F,20대,서울특별시,500이상700만원 미만,3,8,31,0,40,20,40,0
394226,20220223,M,20대,서울특별시,무응답,3,4,23,30,20,40,10,0
394825,20220223,F,50대,경기도,300이상500만원 미만,2,4,18,50,0,0,50,0
394837,20220223,M,20대,인천광역시,700만원 이상,10,15,80,50,10,30,10,0
395058,20220223,F,30대,경기도,700만원 이상,3,12,39,80,0,10,10,0
395583,20220223,M,20대,경기도,700만원 이상,5,7,39,20,20,40,20,0
396653,20220223,M,60대,전라남도,500이상700만원 미만,2,8,26,30,30,20,20,0
396791,20220223,M,30대,경상북도,500이상700만원 미만,10,5,60,60,0,0,40,0
396857,20220223,M,40대,대구광역시,300이상500만원 미만,3,12,39,65,0,15,20,0
396948,20220223,M,20대,강원도,300만원 미만,2,8,26,40,10,30,20,0
397426,20220223,M,50대,전라북도,700만원 이상,0,3,6,30,70,0,0,0
397702,20220223,M,50대,경기도,700만원 이상,3,12,39,70,0,0,0,30
397915,20220223,M,40대,대구광역시,300이상500만원 미만,3,6,27,30,50,20,0,0
398075,20220223,M,30대,인천광역시,300만원 미만,3,3,21,30,10,20,40,0
399075,20220223,M,50대,제주특별자치도,700만원 이상,3,10,35,50,20,0,30,0
400031,20220223,F,30대,경기도,500이상700만원 미만,5,7,39,10,10,20,60,0
400047,20220223,F,40대,서울특별시,700만원 이상,3,10,35,50,20,20,10,0
400334,20220223,F,20대,서울특별시,500이상700만원 미만,4,10,40,30,30,20,20,0
401026,20220223,F,60대,경기도,500이상700만원 미만,4,4,28,0,0,0,100,0
401358,20220223,F,40대,경기도,700만원 이상,5,14,53,70,5,20,5,0
402210,20220223,M,40대,전라북도,300이상500만원 미만,6,14,58,30,0,20,50,0
402721,20220223,F,40대,충청남도,500이상700만원 미만,3,4,23,80,0,10,10,0
402855,20220223,M,30대,경상북도,300만원 미만,6,10,50,40,20,20,20,0
404031,20220223,M,40대,인천광역시,700만원 이상,3,7,29,60,0,10,30,0
404412,20220223,F,60대,경상남도,300이상500만원 미만,2,8,26,80,5,5,10,0
404485,20220223,M,40대,충청북도,300이상500만원 미만,3,10,35,15,0,80,5,0
405111,20220223,M,60대,전라북도,500이상700만원 미만,4,10,40,35,30,0,35,0
405283,20220223,M,50대,부산광역시,500이상700만원 미만,4,12,44,50,0,10,40,0
405690,20220223,M,20대,경기도,300이상500만원 미만,3,5,25,30,20,20,30,0
406335,20220223,M,50대,대구광역시,500이상700만원 미만,5,5,35,100,0,0,0,0
406350,20220223,M,60대,인천광역시,700만원 이상,4,16,52,80,0,0,20,0
407341,20220223,M,40대,인천광역시,300이상500만원 미만,5,5,35,60,10,15,15,0
407942,20220223,M,20대,서울특별시,300이상500만원 미만,2,5,20,30,20,30,20,0
408192,20220223,M,50대,전라북도,700만원 이상,3,5,25,60,30,10,0,0
409309,20220223,F,40대,부산광역시,700만원 이상,1,2,9,0,50,50,0,0
409842,20220223,F,30대,경기도,300만원 미만,2,8,26,50,20,10,20,0
409901,20220223,F,60대,경기도,700만원 이상,5,2,29,30,20,10,40,0
410269,20220223,F,20대,부산광역시,300이상500만원 미만,5,5,35,90,0,0,10,0
410740,20220223,M,20대,경기도,500이상700만원 미만,3,16,47,40,40,10,10,0
410934,20220223,M,40대,광주광역시,300이상500만원 미만,1,5,15,70,0,20,10,0
410949,20220223,M,20대,제주특별자치도,300이상500만원 미만,8,8,56,80,20,0,0,0
411060,20220223,F,50대,경기도,700만원 이상,2,4,18,20,0,0,80,0
411226,20220223,M,30대,광주광역시,300만원 미만,2,8,26,70,10,10,10,0
412051,20220223,F,40대,인천광역시,300만원 미만,3,3,21,10,10,10,70,0
412221,20220223,F,20대,경기도,500이상700만원 미만,4,10,40,45,0,35,20,0
412366,20220223,M,20대,서울특별시,700만원 이상,2,12,34,30,60,5,5,0
412968,20220223,F,20대,경기도,700만원 이상,3,7,29,30,10,10,50,0
413572,20220223,M,50대,부산광역시,300이상500만원 미만,1,2,9,55,10,10,25,0
413574,20220223,F,30대,경기도,300만원 미만,2,4,18,20,20,50,10,0
413931,20220223,M,40대,전라남도,300만원 미만,3,10,35,25,25,25,25,0
414562,20220223,F,50대,충청북도,300이상500만원 미만,1,2,9,50,0,0,50,0
414863,20220223,M,20대,경기도,300만원 미만,8,8,56,20,30,0,50,0
415231,20220223,M,30대,충청남도,300이상500만원 미만,3,6,27,100,0,0,0,0
415636,20220223,M,50대,대구광역시,300이상500만원 미만,2,4,18,30,30,40,0,0
416532,20220223,M,30대,경기도,500이상700만원 미만,2,4,18,30,30,10,30,0
416565,20220223,M,50대,대전광역시,700만원 이상,3,6,27,10,20,0,70,0
417349,20220223,M,30대,서울특별시,700만원 이상,3,8,31,20,28,37,15,0
418004,20220223,M,30대,강원도,300이상500만원 미만,1,1,7,10,70,10,10,0
418467,20220223,F,50대,인천광역시,500이상700만원 미만,2,10,30,20,50,10,20,0
419151,20220223,M,40대,경상북도,700만원 이상,1,2,9,60,10,10,20,0
420329,20220223,F,40대,경기도,300만원 미만,2,4,18,50,35,0,15,0
420525,20220223,F,20대,서울특별시,무응답,2,8,26,100,0,0,0,0
420565,20220223,M,40대,광주광역시,500이상700만원 미만,2,6,22,10,50,0,40,0
420953,20220223,M,20대,서울특별시,500이상700만원 미만,6,6,42,40,10,40,10,0
421003,20220223,M,20대,서울특별시,700만원 이상,8,8,56,5,50,45,0,0
421031,20220223,M,50대,강원도,300만원 미만,2,5,20,30,60,0,10,0
421138,20220223,M,30대,서울특별시,300이상500만원 미만,2,10,30,50,20,0,30,0
421947,20220223,M,30대,충청남도,300이상500만원 미만,4,6,32,70,20,0,10,0
422711,20220223,M,30대,서울특별시,700만원 이상,6,10,50,60,30,0,10,0
423206,20220223,M,60대,충청북도,700만원 이상,3,5,25,25,5,15,30,25
423523,20220223,F,60대,경기도,300만원 미만,2,1,12,40,0,10,50,0
423549,20220223,F,60대,경기도,300이상500만원 미만,1,4,13,20,10,20,40,10
423838,20220223,M,20대,경상남도,300만원 미만,3,8,31,50,50,0,0,0
423919,20220223,F,20대,서울특별시,300이상500만원 미만,4,10,40,80,10,5,5,0
424048,20220223,M,20대,서울특별시,300만원 미만,3,8,31,30,15,15,40,0
424697,20220223,M,20대,서울특별시,300만원 미만,5,5,35,100,0,0,0,0
424701,20220223,F,20대,경기도,300이상500만원 미만,12,12,84,10,20,10,60,0
424808,20220223,M,20대,서울특별시,700만원 이상,3,3,21,30,30,10,30,0
425439,20220223,M,20대,부산광역시,700만원 이상,10,10,70,50,50,0,0,0
425858,20220223,M,20대,경기도,500이상700만원 미만,4,6,32,70,30,0,0,0
425902,20220223,F,20대,전라남도,무응답,5,12,49,40,10,30,20,0
426032,20220223,M,20대,서울특별시,300만원 미만,2,6,22,10,20,50,20,0
426894,20220223,M,20대,경기도,300이상500만원 미만,3,2,19,0,50,0,50,0
426957,20220223,F,20대,서울특별시,300이상500만원 미만,1,3,11,50,30,20,0,0
426987,20220223,M,20대,서울특별시,300만원 미만,3,10,35,70,10,5,15,0
427868,20220223,F,20대,대구광역시,300만원 미만,2,8,26,30,10,10,50,0
431198,20220223,M,20대,울산광역시,700만원 이상,1,1,7,50,50,0,0,0
433437,20220223,F,50대,울산광역시,300만원 미만,4,4,28,80,10,5,5,0
433732,20220223,F,50대,서울특별시,500이상700만원 미만,2,1,12,20,10,0,0,70
433841,20220223,F,60대,경기도,300이상500만원 미만,3,8,31,60,10,0,20,10
437035,20220223,F,60대,경기도,500이상700만원 미만,5,5,35,100,0,0,0,0
437541,20220223,F,50대,경기도,500이상700만원 미만,3,8,31,30,30,0,40,0
437579,20220223,M,20대,대전광역시,300만원 미만,5,12,49,50,10,10,30,0
437820,20220223,F,50대,경기도,500이상700만원 미만,4,8,36,40,20,20,10,10
437990,20220223,F,50대,대전광역시,500이상700만원 미만,4,3,26,75,10,10,5,0
438142,20220223,M,40대,광주광역시,500이상700만원 미만,1,1,7,50,40,10,0,0
438638,20220223,F,50대,경기도,300이상500만원 미만,3,0,15,30,20,20,30,0
438649,20220223,F,50대,인천광역시,500이상700만원 미만,1,5,15,20,0,30,50,0
438996,20220223,M,40대,서울특별시,300이상500만원 미만,2,8,26,50,30,0,20,0
440115,20220223,M,50대,전라북도,300만원 미만,2,2,14,10,20,20,50,0
440519,20220223,M,40대,경상남도,700만원 이상,6,10,50,10,60,0,30,0
440868,20220223,F,50대,전라북도,300만원 미만,1,2,9,100,0,0,0,0
440977,20220223,M,20대,경상남도,300만원 미만,1,0,5,0,50,50,0,0
441012,20220223,M,50대,대구광역시,700만원 이상,5,7,39,20,50,0,30,0
441056,20220223,F,50대,경기도,무응답,5,5,35,50,10,10,10,20
441188,20220223,F,50대,경기도,700만원 이상,6,6,42,40,10,30,20,0
442407,20220223,M,60대,경기도,700만원 이상,3,5,25,25,50,15,10,0
442534,20220223,M,40대,경기도,500이상700만원 미만,1,7,19,25,25,25,25,0
442683,20220223,M,20대,대구광역시,300이상500만원 미만,10,15,80,25,25,25,25,0
442751,20220223,M,50대,인천광역시,700만원 이상,4,4,28,70,30,0,0,0
443289,20220223,F,50대,경기도,300이상500만원 미만,6,10,50,20,20,8,2,50
443501,20220223,F,40대,충청북도,300이상500만원 미만,1,0,5,50,20,20,10,0
443557,20220223,F,20대,경기도,300이상500만원 미만,3,4,23,15,50,20,15,0
443581,20220223,F,60대,충청남도,300이상500만원 미만,3,5,25,20,30,10,40,0
443707,20220223,M,50대,서울특별시,300이상500만원 미만,2,5,20,50,30,10,10,0
443714,20220223,M,50대,서울특별시,700만원 이상,3,7,29,5,0,45,50,0
443914,20220223,F,20대,경기도,300만원 미만,10,5,60,50,30,20,0,0
443916,20220223,F,30대,경상남도,무응답,2,4,18,80,0,0,20,0
444094,20220223,F,20대,대구광역시,500이상700만원 미만,2,3,16,50,20,20,10,0
444147,20220223,F,20대,부산광역시,500이상700만원 미만,3,7,29,30,20,10,40,0
444178,20220223,M,60대,충청남도,500이상700만원 미만,5,10,45,30,40,10,10,10
444379,20220223,F,20대,서울특별시,300만원 미만,9,4,53,45,40,5,10,0
444511,20220223,M,20대,서울특별시,300이상500만원 미만,3,10,35,40,0,40,20,0
444626,20220223,F,20대,부산광역시,700만원 이상,3,12,39,0,40,5,45,10
444750,20220223,M,30대,경기도,700만원 이상,3,12,39,20,30,20,30,0
444803,20220223,F,50대,대전광역시,300이상500만원 미만,2,8,26,30,20,10,40,0
444934,20220223,F,30대,서울특별시,700만원 이상,2,5,20,50,5,35,10,0
445020,20220223,M,30대,경상북도,300만원 미만,4,5,30,15,15,15,55,0
445319,20220223,F,30대,인천광역시,700만원 이상,0,12,24,50,30,0,20,0
445542,20220223,M,30대,경기도,500이상700만원 미만,1,4,13,100,0,0,0,0
446088,20220223,F,50대,충청북도,300만원 미만,2,2,14,100,0,0,0,0
446171,20220223,F,20대,전라북도,700만원 이상,3,6,27,20,30,40,10,0
446182,20220223,M,20대,경기도,700만원 이상,6,6,42,90,10,0,0,0
446200,20220223,M,30대,경기도,500이상700만원 미만,2,5,20,30,20,0,50,0
1127037,20220223,F,40대,서울특별시,500이상700만원 미만,5,2,29,40,10,10,40,0
1387317,20220223,M,60대,대구광역시,500이상700만원 미만,4,8,36,20,60,10,10,0
1388899,20220223,F,60대,경기도,500이상700만원 미만,6,6,42,50,10,20,20,0
1399649,20220223,F,60대,서울특별시,700만원 이상,4,5,30,20,30,30,20,0
1420519,20220223,M,50대,경상북도,300만원 미만,2,2,14,25,25,50,0,0
1640506,20220223,M,40대,서울특별시,300만원 미만,4,4,28,80,0,20,0,0
1719812,20220223,F,30대,서울특별시,무응답,3,10,35,40,10,10,40,0
1827513,20220223,M,50대,경상남도,300이상500만원 미만,3,10,35,50,10,5,35,0
1862813,20220223,F,40대,서울특별시,300이상500만원 미만,3,5,25,40,10,20,30,0
1872869,20220223,F,50대,경상북도,300이상500만원 미만,1,2,9,1,30,1,1,67
1922032,20220223,F,50대,부산광역시,500이상700만원 미만,5,10,45,50,20,30,0,0
2004088,20220223,F,40대,경기도,300이상500만원 미만,2,4,18,70,0,0,30,0
2823359,20220223,F,50대,부산광역시,300만원 미만,1,2,9,100,0,0,0,0
2906294,20220223,F,60대,경기도,300이상500만원 미만,5,12,49,60,10,20,10,0
2908882,20220223,F,40대,경기도,700만원 이상,2,10,30,0,30,20,0,50
2956757,20220223,F,20대,부산광역시,300만원 미만,5,15,55,50,20,0,30,0
2958020,20220223,F,20대,서울특별시,무응답,4,12,44,100,0,0,0,0
2966974,20220223,F,30대,경상남도,500이상700만원 미만,3,6,27,70,20,5,5,0
2969212,20220223,F,40대,대구광역시,300만원 미만,1,3,11,0,0,50,0,50
2983988,20220223,F,40대,경기도,500이상700만원 미만,2,5,20,100,0,0,0,0
3001338,20220223,M,60대,대구광역시,500이상700만원 미만,4,5,30,40,40,10,10,0
3017462,20220223,F,40대,경기도,500이상700만원 미만,2,2,14,80,20,0,0,0
3021727,20220223,F,30대,경상남도,300이상500만원 미만,2,2,14,20,40,0,40,0
3027392,20220223,F,30대,경기도,700만원 이상,3,5,25,40,30,20,10,0
3046248,20220223,F,20대,충청남도,700만원 이상,5,6,37,50,10,10,30,0
3056288,20220223,M,60대,서울특별시,500이상700만원 미만,3,5,25,30,20,10,30,10
3085215,20220223,F,20대,경기도,500이상700만원 미만,2,4,18,5,80,10,5,0
3099128,20220223,M,50대,부산광역시,300만원 미만,5,10,45,30,50,10,10,0
3128116,20220223,F,30대,경상남도,500이상700만원 미만,1,1,7,10,0,0,0,90
3146883,20220223,F,20대,경기도,500이상700만원 미만,6,18,66,20,0,40,40,0
3159884,20220223,F,30대,서울특별시,700만원 이상,2,2,14,0,100,0,0,0
3176878,20220223,M,20대,전라북도,300만원 미만,5,7,39,100,0,0,0,0
3195386,20220223,F,30대,전라북도,300이상500만원 미만,2,10,30,50,0,0,0,50
3197593,20220223,M,20대,서울특별시,무응답,4,8,36,60,10,10,20,0
3197749,20220223,F,60대,충청남도,300이상500만원 미만,3,3,21,35,65,0,0,0
3207897,20220223,M,30대,서울특별시,700만원 이상,2,5,20,30,20,10,40,0
3229673,20220223,F,40대,경기도,500이상700만원 미만,2,4,18,20,0,10,70,0
3236577,20220223,M,20대,서울특별시,300이상500만원 미만,5,6,37,30,10,20,20,20
3236800,20220223,M,20대,강원도,300만원 미만,3,11,37,100,0,0,0,0
3241029,20220223,F,50대,경기도,300이상500만원 미만,2,2,14,40,0,10,50,0
3243391,20220223,F,60대,경기도,300이상500만원 미만,5,10,45,20,20,20,20,20
3243489,20220223,M,40대,강원도,300만원 미만,2,5,20,10,10,10,70,0
3244630,20220223,F,50대,울산광역시,300만원 미만,5,5,35,20,30,20,10,20
